{
	"start":	{
		"connected":	[{
				"socket":	5,
				"local_host":	"10.0.0.1",
				"local_port":	43784,
				"remote_host":	"10.0.0.4",
				"remote_port":	5201
			}],
		"version":	"iperf 3.7",
		"system_info":	"Linux mininet-vm 5.4.0-216-generic #236-Ubuntu SMP Fri Apr 11 19:53:21 UTC 2025 x86_64",
		"timestamp":	{
			"time":	"Wed, 11 Jun 2025 02:39:22 GMT",
			"timesecs":	1749609562
		},
		"connecting_to":	{
			"host":	"10.0.0.4",
			"port":	5201
		},
		"cookie":	"g6avlly4zt3d2i3qg6ktbguujvasgitbxtfm",
		"tcp_mss_default":	1448,
		"sock_bufsize":	0,
		"sndbuf_actual":	87380,
		"rcvbuf_actual":	87380,
		"test_start":	{
			"protocol":	"TCP",
			"num_streams":	1,
			"blksize":	131072,
			"omit":	0,
			"duration":	10,
			"bytes":	0,
			"blocks":	0,
			"reverse":	0,
			"tos":	0
		}
	},
	"intervals":	[{
			"streams":	[{
					"socket":	5,
					"start":	0,
					"end":	1.000292,
					"seconds":	1.0002919435501099,
					"bytes":	1576872,
					"bits_per_second":	12611294.213995686,
					"retransmits":	16,
					"snd_cwnd":	13032,
					"rtt":	21776,
					"rttvar":	1108,
					"pmtu":	1500,
					"omitted":	false,
					"sender":	true
				}],
			"sum":	{
				"start":	0,
				"end":	1.000292,
				"seconds":	1.0002919435501099,
				"bytes":	1576872,
				"bits_per_second":	12611294.213995686,
				"retransmits":	16,
				"omitted":	false,
				"sender":	true
			}
		}, {
			"streams":	[{
					"socket":	5,
					"start":	1.000292,
					"end":	2.000187,
					"seconds":	0.99989497661590576,
					"bytes":	781920,
					"bits_per_second":	6256017.02807924,
					"retransmits":	3,
					"snd_cwnd":	26064,
					"rtt":	22450,
					"rttvar":	1537,
					"pmtu":	1500,
					"omitted":	false,
					"sender":	true
				}],
			"sum":	{
				"start":	1.000292,
				"end":	2.000187,
				"seconds":	0.99989497661590576,
				"bytes":	781920,
				"bits_per_second":	6256017.02807924,
				"retransmits":	3,
				"omitted":	false,
				"sender":	true
			}
		}, {
			"streams":	[{
					"socket":	5,
					"start":	2.000187,
					"end":	3.000279,
					"seconds":	1.0000920295715332,
					"bytes":	781920,
					"bits_per_second":	6254784.3748739474,
					"retransmits":	11,
					"snd_cwnd":	18824,
					"rtt":	21850,
					"rttvar":	595,
					"pmtu":	1500,
					"omitted":	false,
					"sender":	true
				}],
			"sum":	{
				"start":	2.000187,
				"end":	3.000279,
				"seconds":	1.0000920295715332,
				"bytes":	781920,
				"bits_per_second":	6254784.3748739474,
				"retransmits":	11,
				"omitted":	false,
				"sender":	true
			}
		}, {
			"streams":	[{
					"socket":	5,
					"start":	3.000279,
					"end":	4.000288,
					"seconds":	1.0000089406967163,
					"bytes":	781920,
					"bits_per_second":	6255304.073223413,
					"retransmits":	9,
					"snd_cwnd":	8688,
					"rtt":	22423,
					"rttvar":	1323,
					"pmtu":	1500,
					"omitted":	false,
					"sender":	true
				}],
			"sum":	{
				"start":	3.000279,
				"end":	4.000288,
				"seconds":	1.0000089406967163,
				"bytes":	781920,
				"bits_per_second":	6255304.073223413,
				"retransmits":	9,
				"omitted":	false,
				"sender":	true
			}
		}, {
			"streams":	[{
					"socket":	5,
					"start":	4.000288,
					"end":	5.001105,
					"seconds":	1.0008169412612915,
					"bytes":	260640,
					"bits_per_second":	2083417.9698958758,
					"retransmits":	12,
					"snd_cwnd":	8688,
					"rtt":	25417,
					"rttvar":	7178,
					"pmtu":	1500,
					"omitted":	false,
					"sender":	true
				}],
			"sum":	{
				"start":	4.000288,
				"end":	5.001105,
				"seconds":	1.0008169412612915,
				"bytes":	260640,
				"bits_per_second":	2083417.9698958758,
				"retransmits":	12,
				"omitted":	false,
				"sender":	true
			}
		}, {
			"streams":	[{
					"socket":	5,
					"start":	5.001105,
					"end":	6.000791,
					"seconds":	0.99968600273132324,
					"bytes":	521280,
					"bits_per_second":	4171549.8552607009,
					"retransmits":	8,
					"snd_cwnd":	14480,
					"rtt":	22128,
					"rttvar":	1016,
					"pmtu":	1500,
					"omitted":	false,
					"sender":	true
				}],
			"sum":	{
				"start":	5.001105,
				"end":	6.000791,
				"seconds":	0.99968600273132324,
				"bytes":	521280,
				"bits_per_second":	4171549.8552607009,
				"retransmits":	8,
				"omitted":	false,
				"sender":	true
			}
		}, {
			"streams":	[{
					"socket":	5,
					"start":	6.000791,
					"end":	7.000507,
					"seconds":	0.99971598386764526,
					"bytes":	781920,
					"bits_per_second":	6257137.1278866753,
					"retransmits":	10,
					"snd_cwnd":	14480,
					"rtt":	21769,
					"rttvar":	760,
					"pmtu":	1500,
					"omitted":	false,
					"sender":	true
				}],
			"sum":	{
				"start":	6.000791,
				"end":	7.000507,
				"seconds":	0.99971598386764526,
				"bytes":	781920,
				"bits_per_second":	6257137.1278866753,
				"retransmits":	10,
				"omitted":	false,
				"sender":	true
			}
		}, {
			"streams":	[{
					"socket":	5,
					"start":	7.000507,
					"end":	8.000212,
					"seconds":	0.99970501661300659,
					"bytes":	521280,
					"bits_per_second":	4171470.5145011107,
					"retransmits":	10,
					"snd_cwnd":	11584,
					"rtt":	22775,
					"rttvar":	1851,
					"pmtu":	1500,
					"omitted":	false,
					"sender":	true
				}],
			"sum":	{
				"start":	7.000507,
				"end":	8.000212,
				"seconds":	0.99970501661300659,
				"bytes":	521280,
				"bits_per_second":	4171470.5145011107,
				"retransmits":	10,
				"omitted":	false,
				"sender":	true
			}
		}, {
			"streams":	[{
					"socket":	5,
					"start":	8.000212,
					"end":	9.000124,
					"seconds":	0.99991202354431152,
					"bytes":	781920,
					"bits_per_second":	6255910.3728217054,
					"retransmits":	10,
					"snd_cwnd":	17376,
					"rtt":	22095,
					"rttvar":	870,
					"pmtu":	1500,
					"omitted":	false,
					"sender":	true
				}],
			"sum":	{
				"start":	8.000212,
				"end":	9.000124,
				"seconds":	0.99991202354431152,
				"bytes":	781920,
				"bits_per_second":	6255910.3728217054,
				"retransmits":	10,
				"omitted":	false,
				"sender":	true
			}
		}, {
			"streams":	[{
					"socket":	5,
					"start":	9.000124,
					"end":	10.000303,
					"seconds":	1.0001790523529053,
					"bytes":	781920,
					"bits_per_second":	6254240.1635830756,
					"retransmits":	6,
					"snd_cwnd":	26064,
					"rtt":	22141,
					"rttvar":	782,
					"pmtu":	1500,
					"omitted":	false,
					"sender":	true
				}],
			"sum":	{
				"start":	9.000124,
				"end":	10.000303,
				"seconds":	1.0001790523529053,
				"bytes":	781920,
				"bits_per_second":	6254240.1635830756,
				"retransmits":	6,
				"omitted":	false,
				"sender":	true
			}
		}],
	"end":	{
		"streams":	[{
				"sender":	{
					"socket":	5,
					"start":	0,
					"end":	10.000303,
					"seconds":	10.000303,
					"bytes":	7571592,
					"bits_per_second":	6057090.0701708738,
					"retransmits":	95,
					"max_snd_cwnd":	26064,
					"max_rtt":	25417,
					"min_rtt":	21769,
					"mean_rtt":	22482,
					"sender":	true
				},
				"receiver":	{
					"socket":	5,
					"start":	0,
					"end":	10.022712,
					"seconds":	10.000303,
					"bytes":	6931576,
					"bits_per_second":	5532694.9432449024,
					"sender":	true
				}
			}],
		"sum_sent":	{
			"start":	0,
			"end":	10.000303,
			"seconds":	10.000303,
			"bytes":	7571592,
			"bits_per_second":	6057090.0701708738,
			"retransmits":	95,
			"sender":	true
		},
		"sum_received":	{
			"start":	0,
			"end":	10.022712,
			"seconds":	10.022712,
			"bytes":	6931576,
			"bits_per_second":	5532694.9432449024,
			"sender":	true
		},
		"cpu_utilization_percent":	{
			"host_total":	0.44981844111156921,
			"host_user":	0,
			"host_system":	0.44981844111156921,
			"remote_total":	0.2724815942736224,
			"remote_user":	0,
			"remote_system":	0.2724815942736224
		},
		"sender_tcp_congestion":	"cubic",
		"receiver_tcp_congestion":	"cubic"
	}
}
