{
	"start":	{
		"connected":	[{
				"socket":	5,
				"local_host":	"10.0.0.1",
				"local_port":	45130,
				"remote_host":	"10.0.0.4",
				"remote_port":	5201
			}],
		"version":	"iperf 3.7",
		"system_info":	"Linux mininet-vm 5.4.0-216-generic #236-Ubuntu SMP Fri Apr 11 19:53:21 UTC 2025 x86_64",
		"timestamp":	{
			"time":	"Wed, 11 Jun 2025 02:40:40 GMT",
			"timesecs":	1749609640
		},
		"connecting_to":	{
			"host":	"10.0.0.4",
			"port":	5201
		},
		"cookie":	"b3hb6yjdxda6xygczbbiggwgcxiyv3rkdjlh",
		"tcp_mss_default":	1448,
		"sock_bufsize":	524288,
		"sndbuf_actual":	1048576,
		"rcvbuf_actual":	1048576,
		"test_start":	{
			"protocol":	"TCP",
			"num_streams":	1,
			"blksize":	131072,
			"omit":	0,
			"duration":	10,
			"bytes":	0,
			"blocks":	0,
			"reverse":	0,
			"tos":	0
		}
	},
	"intervals":	[{
			"streams":	[{
					"socket":	5,
					"start":	0,
					"end":	1.000625,
					"seconds":	1.0006250143051147,
					"bytes":	1783936,
					"bits_per_second":	14262573.687417611,
					"retransmits":	6,
					"snd_cwnd":	30408,
					"rtt":	24263,
					"rttvar":	441,
					"pmtu":	1500,
					"omitted":	false,
					"sender":	true
				}],
			"sum":	{
				"start":	0,
				"end":	1.000625,
				"seconds":	1.0006250143051147,
				"bytes":	1783936,
				"bits_per_second":	14262573.687417611,
				"retransmits":	6,
				"omitted":	false,
				"sender":	true
			}
		}, {
			"streams":	[{
					"socket":	5,
					"start":	1.000625,
					"end":	2.000508,
					"seconds":	0.99988299608230591,
					"bytes":	1172880,
					"bits_per_second":	9384137.9809079487,
					"retransmits":	6,
					"snd_cwnd":	20272,
					"rtt":	17175,
					"rttvar":	1509,
					"pmtu":	1500,
					"omitted":	false,
					"sender":	true
				}],
			"sum":	{
				"start":	1.000625,
				"end":	2.000508,
				"seconds":	0.99988299608230591,
				"bytes":	1172880,
				"bits_per_second":	9384137.9809079487,
				"retransmits":	6,
				"omitted":	false,
				"sender":	true
			}
		}, {
			"streams":	[{
					"socket":	5,
					"start":	2.000508,
					"end":	3.000146,
					"seconds":	0.999638020992279,
					"bytes":	1172880,
					"bits_per_second":	9386437.6934022922,
					"retransmits":	4,
					"snd_cwnd":	31856,
					"rtt":	26470,
					"rttvar":	618,
					"pmtu":	1500,
					"omitted":	false,
					"sender":	true
				}],
			"sum":	{
				"start":	2.000508,
				"end":	3.000146,
				"seconds":	0.999638020992279,
				"bytes":	1172880,
				"bits_per_second":	9386437.6934022922,
				"retransmits":	4,
				"omitted":	false,
				"sender":	true
			}
		}, {
			"streams":	[{
					"socket":	5,
					"start":	3.000146,
					"end":	4.000251,
					"seconds":	1.0001050233840942,
					"bytes":	1172880,
					"bits_per_second":	9382054.6648693383,
					"retransmits":	14,
					"snd_cwnd":	13032,
					"rtt":	17000,
					"rttvar":	1762,
					"pmtu":	1500,
					"omitted":	false,
					"sender":	true
				}],
			"sum":	{
				"start":	3.000146,
				"end":	4.000251,
				"seconds":	1.0001050233840942,
				"bytes":	1172880,
				"bits_per_second":	9382054.6648693383,
				"retransmits":	14,
				"omitted":	false,
				"sender":	true
			}
		}, {
			"streams":	[{
					"socket":	5,
					"start":	4.000251,
					"end":	5.000396,
					"seconds":	1.0001449584960938,
					"bytes":	781920,
					"bits_per_second":	6254453.3638464883,
					"retransmits":	6,
					"snd_cwnd":	33304,
					"rtt":	26811,
					"rttvar":	485,
					"pmtu":	1500,
					"omitted":	false,
					"sender":	true
				}],
			"sum":	{
				"start":	4.000251,
				"end":	5.000396,
				"seconds":	1.0001449584960938,
				"bytes":	781920,
				"bits_per_second":	6254453.3638464883,
				"retransmits":	6,
				"omitted":	false,
				"sender":	true
			}
		}, {
			"streams":	[{
					"socket":	5,
					"start":	5.000396,
					"end":	6.000207,
					"seconds":	0.99981099367141724,
					"bytes":	1172880,
					"bits_per_second":	9384813.78919873,
					"retransmits":	11,
					"snd_cwnd":	20272,
					"rtt":	17440,
					"rttvar":	1278,
					"pmtu":	1500,
					"omitted":	false,
					"sender":	true
				}],
			"sum":	{
				"start":	5.000396,
				"end":	6.000207,
				"seconds":	0.99981099367141724,
				"bytes":	1172880,
				"bits_per_second":	9384813.78919873,
				"retransmits":	11,
				"omitted":	false,
				"sender":	true
			}
		}, {
			"streams":	[{
					"socket":	5,
					"start":	6.000207,
					"end":	7.000797,
					"seconds":	1.0005899667739868,
					"bytes":	781920,
					"bits_per_second":	6251671.7214025,
					"retransmits":	12,
					"snd_cwnd":	11584,
					"rtt":	16596,
					"rttvar":	720,
					"pmtu":	1500,
					"omitted":	false,
					"sender":	true
				}],
			"sum":	{
				"start":	6.000207,
				"end":	7.000797,
				"seconds":	1.0005899667739868,
				"bytes":	781920,
				"bits_per_second":	6251671.7214025,
				"retransmits":	12,
				"omitted":	false,
				"sender":	true
			}
		}, {
			"streams":	[{
					"socket":	5,
					"start":	7.000797,
					"end":	8.000543,
					"seconds":	0.99974602460861206,
					"bytes":	781920,
					"bits_per_second":	6256949.1110993857,
					"retransmits":	10,
					"snd_cwnd":	20272,
					"rtt":	17028,
					"rttvar":	2253,
					"pmtu":	1500,
					"omitted":	false,
					"sender":	true
				}],
			"sum":	{
				"start":	7.000797,
				"end":	8.000543,
				"seconds":	0.99974602460861206,
				"bytes":	781920,
				"bits_per_second":	6256949.1110993857,
				"retransmits":	10,
				"omitted":	false,
				"sender":	true
			}
		}, {
			"streams":	[{
					"socket":	5,
					"start":	8.000543,
					"end":	9.000506,
					"seconds":	0.99996298551559448,
					"bytes":	1172880,
					"bits_per_second":	9383387.3212436736,
					"retransmits":	5,
					"snd_cwnd":	27512,
					"rtt":	21448,
					"rttvar":	770,
					"pmtu":	1500,
					"omitted":	false,
					"sender":	true
				}],
			"sum":	{
				"start":	8.000543,
				"end":	9.000506,
				"seconds":	0.99996298551559448,
				"bytes":	1172880,
				"bits_per_second":	9383387.3212436736,
				"retransmits":	5,
				"omitted":	false,
				"sender":	true
			}
		}, {
			"streams":	[{
					"socket":	5,
					"start":	9.000506,
					"end":	10.000309,
					"seconds":	0.99980300664901733,
					"bytes":	1172880,
					"bits_per_second":	9384888.7606855668,
					"retransmits":	7,
					"snd_cwnd":	17376,
					"rtt":	16360,
					"rttvar":	732,
					"pmtu":	1500,
					"omitted":	false,
					"sender":	true
				}],
			"sum":	{
				"start":	9.000506,
				"end":	10.000309,
				"seconds":	0.99980300664901733,
				"bytes":	1172880,
				"bits_per_second":	9384888.7606855668,
				"retransmits":	7,
				"omitted":	false,
				"sender":	true
			}
		}],
	"end":	{
		"streams":	[{
				"sender":	{
					"socket":	5,
					"start":	0,
					"end":	10.000309,
					"seconds":	10.000309,
					"bytes":	11166976,
					"bits_per_second":	8933304.76088289,
					"retransmits":	81,
					"max_snd_cwnd":	33304,
					"max_rtt":	26811,
					"min_rtt":	16360,
					"mean_rtt":	20059,
					"sender":	true
				},
				"receiver":	{
					"socket":	5,
					"start":	0,
					"end":	10.016552,
					"seconds":	10.000309,
					"bytes":	10185232,
					"bits_per_second":	8134721.0097846035,
					"sender":	true
				}
			}],
		"sum_sent":	{
			"start":	0,
			"end":	10.000309,
			"seconds":	10.000309,
			"bytes":	11166976,
			"bits_per_second":	8933304.76088289,
			"retransmits":	81,
			"sender":	true
		},
		"sum_received":	{
			"start":	0,
			"end":	10.016552,
			"seconds":	10.016552,
			"bytes":	10185232,
			"bits_per_second":	8134721.0097846035,
			"sender":	true
		},
		"cpu_utilization_percent":	{
			"host_total":	0.39265345514318722,
			"host_user":	0.070860648029400772,
			"host_system":	0.32178289237361163,
			"remote_total":	0.38505836199455323,
			"remote_user":	0,
			"remote_system":	0.38505836199455323
		},
		"sender_tcp_congestion":	"cubic",
		"receiver_tcp_congestion":	"cubic"
	}
}
