{
	"start":	{
		"connected":	[{
				"socket":	5,
				"local_host":	"10.0.0.1",
				"local_port":	36100,
				"remote_host":	"10.0.0.4",
				"remote_port":	5201
			}],
		"version":	"iperf 3.7",
		"system_info":	"Linux mininet-vm 5.4.0-216-generic #236-Ubuntu SMP Fri Apr 11 19:53:21 UTC 2025 x86_64",
		"timestamp":	{
			"time":	"Wed, 11 Jun 2025 02:39:44 GMT",
			"timesecs":	1749609584
		},
		"connecting_to":	{
			"host":	"10.0.0.4",
			"port":	5201
		},
		"cookie":	"qcuofg22zqt3myctrgwp3o4ef6h6m42prqji",
		"tcp_mss_default":	1448,
		"sock_bufsize":	0,
		"sndbuf_actual":	87380,
		"rcvbuf_actual":	87380,
		"test_start":	{
			"protocol":	"TCP",
			"num_streams":	1,
			"blksize":	131072,
			"omit":	0,
			"duration":	10,
			"bytes":	0,
			"blocks":	0,
			"reverse":	1,
			"tos":	0
		}
	},
	"intervals":	[{
			"streams":	[{
					"socket":	5,
					"start":	0,
					"end":	1.000365,
					"seconds":	1.0003650188446045,
					"bytes":	948440,
					"bits_per_second":	7584751.4227990378,
					"omitted":	false,
					"sender":	false
				}],
			"sum":	{
				"start":	0,
				"end":	1.000365,
				"seconds":	1.0003650188446045,
				"bytes":	948440,
				"bits_per_second":	7584751.4227990378,
				"omitted":	false,
				"sender":	false
			}
		}, {
			"streams":	[{
					"socket":	5,
					"start":	1.000365,
					"end":	2.000447,
					"seconds":	1.0000820159912109,
					"bytes":	893416,
					"bits_per_second":	7146741.8528830074,
					"omitted":	false,
					"sender":	false
				}],
			"sum":	{
				"start":	1.000365,
				"end":	2.000447,
				"seconds":	1.0000820159912109,
				"bytes":	893416,
				"bits_per_second":	7146741.8528830074,
				"omitted":	false,
				"sender":	false
			}
		}, {
			"streams":	[{
					"socket":	5,
					"start":	2.000447,
					"end":	3.000084,
					"seconds":	0.99963700771331787,
					"bytes":	689248,
					"bits_per_second":	5515986.2604659935,
					"omitted":	false,
					"sender":	false
				}],
			"sum":	{
				"start":	2.000447,
				"end":	3.000084,
				"seconds":	0.99963700771331787,
				"bytes":	689248,
				"bits_per_second":	5515986.2604659935,
				"omitted":	false,
				"sender":	false
			}
		}, {
			"streams":	[{
					"socket":	5,
					"start":	3.000084,
					"end":	4.000288,
					"seconds":	1.0002039670944214,
					"bytes":	492320,
					"bits_per_second":	3937756.8271814217,
					"omitted":	false,
					"sender":	false
				}],
			"sum":	{
				"start":	3.000084,
				"end":	4.000288,
				"seconds":	1.0002039670944214,
				"bytes":	492320,
				"bits_per_second":	3937756.8271814217,
				"omitted":	false,
				"sender":	false
			}
		}, {
			"streams":	[{
					"socket":	5,
					"start":	4.000288,
					"end":	5.00015,
					"seconds":	0.999862015247345,
					"bytes":	409784,
					"bits_per_second":	3278724.4139772868,
					"omitted":	false,
					"sender":	false
				}],
			"sum":	{
				"start":	4.000288,
				"end":	5.00015,
				"seconds":	0.999862015247345,
				"bytes":	409784,
				"bits_per_second":	3278724.4139772868,
				"omitted":	false,
				"sender":	false
			}
		}, {
			"streams":	[{
					"socket":	5,
					"start":	5.00015,
					"end":	6.000158,
					"seconds":	1.0000079870224,
					"bytes":	887624,
					"bits_per_second":	7100935.2846708214,
					"omitted":	false,
					"sender":	false
				}],
			"sum":	{
				"start":	5.00015,
				"end":	6.000158,
				"seconds":	1.0000079870224,
				"bytes":	887624,
				"bits_per_second":	7100935.2846708214,
				"omitted":	false,
				"sender":	false
			}
		}, {
			"streams":	[{
					"socket":	5,
					"start":	6.000158,
					"end":	7.000456,
					"seconds":	1.000298023223877,
					"bytes":	689248,
					"bits_per_second":	5512341.1943061631,
					"omitted":	false,
					"sender":	false
				}],
			"sum":	{
				"start":	6.000158,
				"end":	7.000456,
				"seconds":	1.000298023223877,
				"bytes":	689248,
				"bits_per_second":	5512341.1943061631,
				"omitted":	false,
				"sender":	false
			}
		}, {
			"streams":	[{
					"socket":	5,
					"start":	7.000456,
					"end":	8.000223,
					"seconds":	0.999767005443573,
					"bytes":	567616,
					"bits_per_second":	4541986.2580734976,
					"omitted":	false,
					"sender":	false
				}],
			"sum":	{
				"start":	7.000456,
				"end":	8.000223,
				"seconds":	0.999767005443573,
				"bytes":	567616,
				"bits_per_second":	4541986.2580734976,
				"omitted":	false,
				"sender":	false
			}
		}, {
			"streams":	[{
					"socket":	5,
					"start":	8.000223,
					"end":	9.00003,
					"seconds":	0.99980700016021729,
					"bytes":	702280,
					"bits_per_second":	5619324.5287337331,
					"omitted":	false,
					"sender":	false
				}],
			"sum":	{
				"start":	8.000223,
				"end":	9.00003,
				"seconds":	0.99980700016021729,
				"bytes":	702280,
				"bits_per_second":	5619324.5287337331,
				"omitted":	false,
				"sender":	false
			}
		}, {
			"streams":	[{
					"socket":	5,
					"start":	9.00003,
					"end":	10.000359,
					"seconds":	1.0003290176391602,
					"bytes":	512592,
					"bits_per_second":	4099387.2292918153,
					"omitted":	false,
					"sender":	false
				}],
			"sum":	{
				"start":	9.00003,
				"end":	10.000359,
				"seconds":	1.0003290176391602,
				"bytes":	512592,
				"bits_per_second":	4099387.2292918153,
				"omitted":	false,
				"sender":	false
			}
		}],
	"end":	{
		"streams":	[{
				"sender":	{
					"socket":	5,
					"start":	0,
					"end":	10.021552,
					"seconds":	10.021552,
					"bytes":	7008320,
					"bits_per_second":	5594598.5212669652,
					"retransmits":	86,
					"max_snd_cwnd":	0,
					"max_rtt":	0,
					"min_rtt":	0,
					"mean_rtt":	0,
					"sender":	false
				},
				"receiver":	{
					"socket":	5,
					"start":	0,
					"end":	10.000359,
					"seconds":	10.000359,
					"bytes":	6792568,
					"bits_per_second":	5433859.3244502526,
					"sender":	false
				}
			}],
		"sum_sent":	{
			"start":	0,
			"end":	10.021552,
			"seconds":	10.021552,
			"bytes":	7008320,
			"bits_per_second":	5594598.5212669652,
			"retransmits":	86,
			"sender":	false
		},
		"sum_received":	{
			"start":	0,
			"end":	10.000359,
			"seconds":	10.000359,
			"bytes":	6792568,
			"bits_per_second":	5433859.3244502526,
			"sender":	false
		},
		"cpu_utilization_percent":	{
			"host_total":	0.51552512201681433,
			"host_user":	0.2530675134969011,
			"host_system":	0.26244771379386161,
			"remote_total":	0.030748871104109943,
			"remote_user":	0,
			"remote_system":	0.030757854122253129
		},
		"sender_tcp_congestion":	"cubic",
		"receiver_tcp_congestion":	"cubic"
	}
}
